﻿<?xml version="1.0" encoding="utf-8"?>
<ImportExportXml version="9.2.22093.194" SolutionPackageVersion="9.2" languagecode="1033" generatedBy="CrmLive" xmlns:xsi="http://www.w3.org/2001/XMLSchema-instance">
  <SolutionManifest>
    <UniqueName>AccessibleAppsKit</UniqueName>
    <LocalizedNames>
      <LocalizedName description="Accessible Apps Kit" languagecode="1033" />
    </LocalizedNames>
    <Descriptions />
    <Version>1.0.20221013.1</Version>
    <Managed>1</Managed>
    <Publisher>
      <UniqueName>Trustmarque</UniqueName>
      <LocalizedNames>
        <LocalizedName description="Trustmarque Solutions Limited" languagecode="1033" />
      </LocalizedNames>
      <Descriptions>
        <Description description="Trustmarque is a company registered in England and Wales. Company Number: 02183240" languagecode="1033" />
      </Descriptions>
      <EMailAddress>info@trustmarque.com</EMailAddress>
      <SupportingWebsiteUrl>https://www.trustmarque.com/</SupportingWebsiteUrl>
      <CustomizationPrefix>tm</CustomizationPrefix>
      <CustomizationOptionValuePrefix>50986</CustomizationOptionValuePrefix>
      <Addresses>
        <Address>
          <AddressNumber>1</AddressNumber>
          <AddressTypeCode>1</AddressTypeCode>
          <City xsi:nil="true"></City>
          <County xsi:nil="true"></County>
          <Country xsi:nil="true"></Country>
          <Fax xsi:nil="true"></Fax>
          <FreightTermsCode xsi:nil="true"></FreightTermsCode>
          <ImportSequenceNumber xsi:nil="true"></ImportSequenceNumber>
          <Latitude xsi:nil="true"></Latitude>
          <Line1 xsi:nil="true"></Line1>
          <Line2 xsi:nil="true"></Line2>
          <Line3 xsi:nil="true"></Line3>
          <Longitude xsi:nil="true"></Longitude>
          <Name xsi:nil="true"></Name>
          <PostalCode xsi:nil="true"></PostalCode>
          <PostOfficeBox xsi:nil="true"></PostOfficeBox>
          <PrimaryContactName xsi:nil="true"></PrimaryContactName>
          <ShippingMethodCode>1</ShippingMethodCode>
          <StateOrProvince xsi:nil="true"></StateOrProvince>
          <Telephone1 xsi:nil="true"></Telephone1>
          <Telephone2 xsi:nil="true"></Telephone2>
          <Telephone3 xsi:nil="true"></Telephone3>
          <TimeZoneRuleVersionNumber xsi:nil="true"></TimeZoneRuleVersionNumber>
          <UPSZone xsi:nil="true"></UPSZone>
          <UTCOffset xsi:nil="true"></UTCOffset>
          <UTCConversionTimeZoneCode xsi:nil="true"></UTCConversionTimeZoneCode>
        </Address>
        <Address>
          <AddressNumber>2</AddressNumber>
          <AddressTypeCode>1</AddressTypeCode>
          <City xsi:nil="true"></City>
          <County xsi:nil="true"></County>
          <Country xsi:nil="true"></Country>
          <Fax xsi:nil="true"></Fax>
          <FreightTermsCode xsi:nil="true"></FreightTermsCode>
          <ImportSequenceNumber xsi:nil="true"></ImportSequenceNumber>
          <Latitude xsi:nil="true"></Latitude>
          <Line1 xsi:nil="true"></Line1>
          <Line2 xsi:nil="true"></Line2>
          <Line3 xsi:nil="true"></Line3>
          <Longitude xsi:nil="true"></Longitude>
          <Name xsi:nil="true"></Name>
          <PostalCode xsi:nil="true"></PostalCode>
          <PostOfficeBox xsi:nil="true"></PostOfficeBox>
          <PrimaryContactName xsi:nil="true"></PrimaryContactName>
          <ShippingMethodCode>1</ShippingMethodCode>
          <StateOrProvince xsi:nil="true"></StateOrProvince>
          <Telephone1 xsi:nil="true"></Telephone1>
          <Telephone2 xsi:nil="true"></Telephone2>
          <Telephone3 xsi:nil="true"></Telephone3>
          <TimeZoneRuleVersionNumber xsi:nil="true"></TimeZoneRuleVersionNumber>
          <UPSZone xsi:nil="true"></UPSZone>
          <UTCOffset xsi:nil="true"></UTCOffset>
          <UTCConversionTimeZoneCode xsi:nil="true"></UTCConversionTimeZoneCode>
        </Address>
      </Addresses>
    </Publisher>
    <RootComponents>
      <RootComponent type="1" schemaName="tm_appthemes" behavior="0" />
      <RootComponent type="1" schemaName="tm_icon" behavior="0" />
      <RootComponent type="1" schemaName="tm_iconset" behavior="0" />
      <RootComponent type="1" schemaName="tm_myfavouriteicon" behavior="0" />
      <RootComponent type="1" schemaName="tm_settransforms" behavior="0" />
      <RootComponent type="1" schemaName="tm_themecolor" behavior="0" />
      <RootComponent type="1" schemaName="tm_themeicon" behavior="0" />
      <RootComponent type="9" schemaName="tm_templatetypes" behavior="0" />
      <RootComponent type="29" id="{1082984e-333d-ed11-bba2-0022481b5f9a}" behavior="0" />
      <RootComponent type="29" id="{c710d975-323d-ed11-bba2-0022481b5f9a}" behavior="0" />
      <RootComponent type="66" schemaName="tm_pcf.ColorPicker" behavior="0" />
      <RootComponent type="66" schemaName="tm_pcf.DownloadControl" behavior="0" />
      <RootComponent type="300" schemaName="tm_accessibleappskitdesktoptemplate_be7ff" behavior="0" />
      <RootComponent type="300" schemaName="tm_accessibleappskittablettemplate_c9c84" behavior="0" />
      <RootComponent type="300" schemaName="tm_accessibleappskit_74e45" behavior="0" />
      <RootComponent type="372" id="{787beb0f-f55d-415e-b09c-8eb909c1f92d}" schemaName="tm_5Fcolor-20names" behavior="0" />
      <RootComponent type="372" id="{1975dab0-e381-4262-ae56-dbdcb0092d5f}" schemaName="tm_5Fcolorfyit" behavior="0" />
      <RootComponent type="372" id="{8ce336ff-31c6-4451-a269-0bbe22cfa349}" schemaName="tm_5Fcolour-20lovers" behavior="0" />
      <RootComponent type="372" id="{b470af48-4955-451b-8b12-19032dd906b9}" schemaName="tm_5Fthe-20color-20api" behavior="0" />
    </RootComponents>
    <MissingDependencies>
      <MissingDependency>
        <Required type="300" schemaName="cat_powercatcomponentlibrary_0be3a" displayName="Power CAT Component Library" solution="CreatorKitCore (1.0.20220831.1)" />
        <Dependent type="300" schemaName="tm_accessibleappskit_74e45" displayName="Accessible Apps Kit" />
      </MissingDependency>
      <MissingDependency>
        <Required type="66" schemaName="cat_PowerCAT.CommandBar" displayName="cat_PowerCAT.CommandBar" solution="CreatorKitCore (1.0.20220831.1)" />
        <Dependent type="300" schemaName="tm_accessibleappskit_74e45" displayName="Accessible Apps Kit" />
      </MissingDependency>
      <MissingDependency>
        <Required type="66" schemaName="cat_PowerCAT.Elevation" displayName="cat_PowerCAT.Elevation" solution="CreatorKitCore (1.0.20220831.1)" />
        <Dependent type="300" schemaName="tm_accessibleappskit_74e45" displayName="Accessible Apps Kit" />
      </MissingDependency>
      <MissingDependency>
        <Required type="66" schemaName="cat_PowerCAT.Icon" displayName="cat_PowerCAT.Icon" solution="CreatorKitCore (1.0.20220831.1)" />
        <Dependent type="300" schemaName="tm_accessibleappskit_74e45" displayName="Accessible Apps Kit" />
      </MissingDependency>
      <MissingDependency>
        <Required type="66" schemaName="cat_PowerCAT.Pivot" displayName="cat_PowerCAT.Pivot" solution="CreatorKitCore (1.0.20220831.1)" />
        <Dependent type="300" schemaName="tm_accessibleappskit_74e45" displayName="Accessible Apps Kit" />
      </MissingDependency>
      <MissingDependency>
        <Required type="66" schemaName="cat_PowerCAT.ProgressIndicator" displayName="cat_PowerCAT.ProgressIndicator" solution="CreatorKitCore (1.0.20220831.1)" />
        <Dependent type="300" schemaName="tm_accessibleappskit_74e45" displayName="Accessible Apps Kit" />
      </MissingDependency>
    </MissingDependencies>
  </SolutionManifest>
</ImportExportXml>